ID,post_author,post_date,post_date_gmt,post_content,post_title,post_excerpt,post_status,comment_status,ping_status,post_password,post_name,to_ping,pinged,post_modified,post_modified_gmt,post_content_filtered,post_parent,guid,menu_order,post_type,post_mime_type,comment_count
,1,2021-05-28 6:49:25,2021-05-28 6:49:25,Distinctio facere et animi aut quo omnis impedit. Earum eos reiciendis fuga consectetur. Ad optio in quod modi. Delectus vel ut omnis natus minima totam labore. Perspiciatis optio necessitatibus sed porro explicabo ipsa qui. Velit voluptatibus culpa laudantium quos veritatis odit aperiam. Nihil est non debitis. Aut et non quam at voluptas libero. Sint recusandae ex nobis aut praesentium. Neque dolores fuga nulla ratione eos consequatur quam. Voluptatem error expedita iste qui ratione. Rerum aspernatur enim aut. Aut accusantium voluptas facere omnis placeat dolor. Ipsa iusto doloribus distinctio dolorum.,Est ut maxime rerum illo et.,,publish,open,open,,est-ut-maxime-rerum-illo-et,,,2021-09-23 22:01:30,2021-09-23 22:01:30,,0,https://ernieshigh.dev/dummy/est-ut-maxime-rerum-illo-et/,0,dummy,,0
,1,2021-09-11 7:39:49,2021-09-11 7:39:49,"<!-- wp:paragraph -->
<p>Veniam illum atque vel est. Est eum aut error odio recusandae mollitia cumque. Minus illum optio quos eum dolor. Velit consequatur placeat odio officia. In et recusandae eaque delectus. Dicta repellat velit possimus perspiciatis aliquid. Optio numquam assumenda ab quaerat dolores sapiente dolorem perferendis. Porro est et magni officiis quia. Et ex tempore excepturi perspiciatis architecto necessitatibus repellendus doloribus. Maiores totam et dicta ut. Laborum beatae repellendus commodi ut accusamus consequuntur quis aut. Facilis quos modi ducimus molestias. Et alias maiores et repellendus quisquam pariatur ut.</p>
<!-- /wp:paragraph -->",Commodi deleniti et aut.,,publish,closed,closed,,commodi-deleniti-et-aut,,,2021-09-23 21:54:24,2021-09-23 21:54:24,,0,https://ernieshigh.dev/dummy/commodi-deleniti-et-aut/,0,dummy,,0
,1,2021-09-16 14:42:42,2021-09-16 14:42:42,Eius dolor quae placeat quidem. Ipsam quos non qui laudantium explicabo et. Iusto esse quisquam itaque. Qui aut corporis quaerat modi sunt ducimus consequuntur. Voluptas maxime ut dignissimos dolores libero. Perspiciatis ipsum sequi qui. Asperiores consequuntur molestias omnis dolores quasi laborum. Nobis iure sit excepturi saepe rem quia tempore maxime. Maiores dolorum iusto sint. Omnis eveniet commodi veniam quasi expedita. Amet illo vel ipsum corrupti eum velit magnam. Doloremque delectus molestiae velit laboriosam. Incidunt inventore cupiditate earum tempore tenetur. Fuga ipsum voluptatum eum non exercitationem temporibus tempora laudantium.,Fugiat autem eos eos quia quia id.,,publish,open,open,,fugiat-autem-eos-eos-quia-quia-id,,,2021-09-23 21:52:59,2021-09-23 21:52:59,,0,https://ernieshigh.dev/dummy/fugiat-autem-eos-eos-quia-quia-id/,0,dummy,,0
,1,2021-07-14 10:07:38,2021-07-14 10:07:38,Mollitia voluptatem a iste cupiditate. Dolores sequi sed nobis quidem quo. Et molestiae laboriosam aut. Voluptatem numquam illum nam corporis voluptas necessitatibus. Voluptatem veritatis magnam quaerat. Corrupti numquam magni error et vel sit. Cumque placeat modi ea at aperiam saepe ea. Et velit iure et aut totam natus. Nostrum id fuga consequuntur aliquid molestiae. Doloremque explicabo non ut quibusdam et at. Aut rerum quo aut dolorum veritatis. Ea ipsa id deleniti voluptates cupiditate quae quibusdam. Excepturi itaque ad aut in reprehenderit.,Unde et ipsum aspernatur sit.,,publish,open,open,,unde-et-ipsum-aspernatur-sit,,,2021-09-23 21:58:14,2021-09-23 21:58:14,,0,https://ernieshigh.dev/dummy/unde-et-ipsum-aspernatur-sit/,0,dummy,,0
,1,2021-09-04 12:46:15,2021-09-04 12:46:15,Quisquam sed incidunt perspiciatis ducimus excepturi. Unde facere non hic voluptas dolor beatae quia. In vel quos quis sint. Commodi quis quo eius natus est vero perferendis repellat. Rerum accusamus earum dolor. Commodi quas doloremque veritatis sunt qui quia. Aspernatur dolor cupiditate voluptas culpa quia. Excepturi sed rerum odio. Qui rerum nobis asperiores culpa sint sit. Soluta suscipit at aspernatur ut et perferendis rem. Aut dolores est est similique vero sequi eius. Est nesciunt dolores eum ut. Sit ipsam in ut ea repellat. Qui et ducimus non dolores quidem. Nisi autem veniam maiores.,Sit facere ea quasi illum.,,publish,open,open,,sit-facere-ea-quasi-illum,,,2021-09-23 21:56:34,2021-09-23 21:56:34,,0,https://ernieshigh.dev/dummy/sit-facere-ea-quasi-illum/,0,dummy,,0
,1,2021-05-30 15:36:42,2021-05-30 15:36:42,Quod natus non velit vero quisquam dolorem. Sapiente dignissimos est aspernatur sequi debitis. Libero nihil adipisci quia est est eveniet eos. Consectetur rerum eligendi aut sit voluptatem. Magni nemo dolore sed aut. Magni consectetur aperiam temporibus ut dolorum ullam dolores. Quia sint voluptatum optio eaque cupiditate labore repellat. Rerum consequuntur aperiam sed molestiae nemo et. Et ut id explicabo nesciunt aliquid provident qui eaque. Voluptates voluptas aut sint in aliquam officia pariatur. Nihil sunt saepe reprehenderit dolor. Ratione maiores nihil eos enim quidem veniam. Rerum eum esse odio libero aut quibusdam deserunt. Praesentium nesciunt rerum quia est corporis in quo.,Vero quis et iste voluptatem.,,publish,open,open,,vero-quis-et-iste-voluptatem,,,2021-09-23 22:01:00,2021-09-23 22:01:00,,0,https://ernieshigh.dev/dummy/vero-quis-et-iste-voluptatem/,0,dummy,,0
,1,2021-09-09 8:56:47,2021-09-09 8:56:47,A earum perspiciatis et. Fugit culpa veniam et ullam suscipit excepturi non ut. Ab fugit quae earum in delectus ut ut. Enim sequi minus nulla consectetur qui nobis id. Est et et assumenda repellendus voluptas. Officia libero porro labore voluptatem rerum et dolor. Est velit odit laborum expedita iusto et maiores. Earum vel facere excepturi quaerat odio commodi libero. Natus error animi eligendi et aut omnis sint vitae. Non voluptatum vel quia aut. Aperiam cum quos odit consequuntur. Sit repudiandae illo voluptas laborum debitis qui. Velit possimus repudiandae maiores earum sequi molestias. Aut debitis sunt error non qui. Unde autem ut aut accusantium.,Eveniet quaerat quo quia dolores iusto.,,publish,open,open,,eveniet-quaerat-quo-quia-dolores-iusto,,,2021-09-23 21:55:02,2021-09-23 21:55:02,,0,https://ernieshigh.dev/dummy/eveniet-quaerat-quo-quia-dolores-iusto/,0,dummy,,0
,1,2021-07-06 13:14:41,2021-07-06 13:14:41,Est harum quia at. Numquam natus ad vero magnam distinctio. Ipsam officia sed veritatis. Distinctio sint sint veniam enim necessitatibus cupiditate et. Magni aut doloremque est porro dicta earum. Est deleniti fugiat qui aliquid. Non ad ea sit saepe. Atque beatae neque dolores. At totam aspernatur veritatis exercitationem blanditiis voluptas. Ex esse fuga sunt quasi in doloremque. Error dolorum quo aut ipsam voluptatem. A consequatur sed impedit optio ea. Reiciendis quis tenetur id quisquam nihil libero vitae. Asperiores quas necessitatibus et deserunt.,Delectus delectus in earum error.,,publish,open,open,,delectus-delectus-in-earum-error,,,2021-09-23 21:59:07,2021-09-23 21:59:07,,0,https://ernieshigh.dev/dummy/delectus-delectus-in-earum-error/,0,dummy,,0
,1,2021-07-23 3:08:15,2021-07-23 3:08:15,Quibusdam incidunt corrupti quidem placeat accusamus. Ut ipsum explicabo maxime consequuntur. Dolores tenetur sunt aperiam veniam ipsa sequi rem incidunt. Consequatur vel repellat beatae laudantium voluptatem aperiam. Odit atque officiis similique. Fugiat odio dolorem magnam et hic enim. Laborum laborum et architecto soluta autem qui. Quae asperiores recusandae saepe molestiae. Magni eaque at molestiae aut voluptatem sed enim. Reiciendis incidunt nemo iste assumenda modi. Deserunt qui illo labore et id earum. Laboriosam corporis illo nostrum et tempora. Velit qui atque unde porro. Magni nihil consectetur tenetur qui. Fugit ut cupiditate animi asperiores in maxime.,Assumenda quia ex reiciendis.,,publish,open,open,,assumenda-quia-ex-reiciendis,,,2021-09-23 21:57:28,2021-09-23 21:57:28,,0,https://ernieshigh.dev/dummy/assumenda-quia-ex-reiciendis/,0,dummy,,0
,1,2021-06-23 22:30:51,2021-06-23 22:30:51,Omnis nisi enim dolorum. Est optio ut dolor veritatis at. Neque porro quia quia sed officiis in. Labore consequatur delectus recusandae sint. Consectetur harum natus illum dolor. Laudantium placeat suscipit voluptas. Autem adipisci tempora officia harum. Quo deserunt ipsa cum qui asperiores veritatis nihil soluta. Quam id sequi voluptatem repellat ut. Et reiciendis accusamus perspiciatis excepturi vel. Aut et sit aut nostrum ea non exercitationem. Impedit ducimus iusto et ut inventore quia. Non similique quos ut et dolore.,Esse praesentium aperiam quis nobis.,,publish,open,open,,esse-praesentium-aperiam-quis-nobis,,,2021-09-23 22:00:09,2021-09-23 22:00:09,,0,https://ernieshigh.dev/dummy/esse-praesentium-aperiam-quis-nobis/,0,dummy,,0